id,title,genre
27205,Inception,"Action,Science Fiction,Adventure"
157336,Interstellar,"Adventure,Drama,Science Fiction"
155,The Dark Knight,"Drama,Action,Crime,Thriller"
24428,The Avengers,"Science Fiction,Action,Adventure"
293660,Deadpool,"Action,Adventure,Comedy"
19995,Avatar,"Action,Adventure,Fantasy,Science Fiction"
299536,Avengers: Infinity War,"Adventure,Action,Science Fiction"
118340,Guardians of the Galaxy,"Action,Science Fiction,Adventure"
550,Fight Club,Drama
680,Pulp Fiction,"Thriller,Crime"
1726,Iron Man,"Action,Science Fiction,Adventure"
13,Forrest Gump,"Comedy,Drama,Romance"
671,Harry Potter and the Philosopher's Stone,"Adventure,Fantasy"
68718,Django Unchained,"Drama,Western"
278,The Shawshank Redemption,"Drama,Crime"
603,The Matrix,"Action,Science Fiction"
299534,Avengers: Endgame,"Adventure,Science Fiction,Action"
597,Titanic,"Drama,Romance"
120,The Lord of the Rings: The Fellowship of the Ring,"Adventure,Fantasy,Action"
475557,Joker,"Crime,Thriller,Drama"
11324,Shutter Island,"Drama,Thriller,Mystery"
99861,Avengers: Age of Ultron,"Action,Adventure,Science Fiction"
271110,Captain America: Civil War,"Adventure,Action,Science Fiction"
106646,The Wolf of Wall Street,"Crime,Drama,Comedy"
122,The Lord of the Rings: The Return of the King,"Adventure,Fantasy,Action"
49026,The Dark Knight Rises,"Action,Crime,Drama,Thriller"
68721,Iron Man 3,"Action,Adventure,Science Fiction"
76341,Mad Max: Fury Road,"Action,Adventure,Science Fiction"
284052,Doctor Strange,"Action,Adventure,Fantasy"
70160,The Hunger Games,"Science Fiction,Adventure,Fantasy"
284054,Black Panther,"Action,Adventure,Science Fiction"
297761,Suicide Squad,"Action,Adventure,Fantasy,Science Fiction"
16869,Inglourious Basterds,"Drama,Action,Thriller,War"
315635,Spider-Man: Homecoming,"Action,Adventure,Science Fiction,Drama"
1771,Captain America: The First Avenger,"Action,Adventure,Science Fiction"
283995,Guardians of the Galaxy Vol. 2,"Adventure,Action,Science Fiction"
10195,Thor,"Adventure,Fantasy,Action"
672,Harry Potter and the Chamber of Secrets,"Adventure,Fantasy"
121,The Lord of the Rings: The Two Towers,"Adventure,Fantasy,Action"
135397,Jurassic World,"Action,Adventure,Science Fiction,Thriller"
10138,Iron Man 2,"Adventure,Action,Science Fiction"
673,Harry Potter and the Prisoner of Azkaban,"Adventure,Fantasy"
150540,Inside Out,"Animation,Family,Adventure,Drama,Comedy"
284053,Thor: Ragnarok,"Action,Adventure,Fantasy,Science Fiction"
272,Batman Begins,"Action,Crime,Drama"
297762,Wonder Woman,"Action,Adventure,Fantasy"
22,Pirates of the Caribbean: The Curse of the Black Pearl,"Adventure,Fantasy,Action"
12445,Harry Potter and the Deathly Hallows: Part 2,"Fantasy,Adventure"
11,Star Wars,"Adventure,Action,Science Fiction"
674,Harry Potter and the Goblet of Fire,"Adventure,Fantasy,Family"
14160,Up,"Animation,Comedy,Family,Adventure"
807,Se7en,"Crime,Mystery,Thriller"
102899,Ant-Man,"Science Fiction,Action,Adventure"
286217,The Martian,"Drama,Adventure,Science Fiction"
140607,Star Wars: The Force Awakens,"Adventure,Action,Science Fiction,Fantasy"
263115,Logan,"Action,Drama,Science Fiction"
259316,Fantastic Beasts and Where to Find Them,"Fantasy,Adventure,Action"
105,Back to the Future,"Adventure,Comedy,Science Fiction,Family"
346364,It,"Horror,Fantasy"
12,Finding Nemo,"Animation,Family"
675,Harry Potter and the Order of the Phoenix,"Adventure,Fantasy,Mystery"
100402,Captain America: The Winter Soldier,"Action,Adventure,Science Fiction"
767,Harry Potter and the Half-Blood Prince,"Adventure,Fantasy"
238,The Godfather,"Drama,Crime"
12444,Harry Potter and the Deathly Hallows: Part 1,"Adventure,Fantasy"
49051,The Hobbit: An Unexpected Journey,"Adventure,Fantasy,Action"
210577,Gone Girl,"Mystery,Thriller,Drama"
281957,The Revenant,"Western,Drama,Adventure"
209112,Batman v Superman: Dawn of Justice,"Action,Adventure,Fantasy"
557,Spider-Man,"Fantasy,Action"
10681,WALL·E,"Animation,Family,Science Fiction"
354912,Coco,"Family,Animation,Fantasy,Music,Comedy,Adventure"
245891,John Wick,"Action,Thriller"
585,"Monsters, Inc.","Animation,Comedy,Family"
862,Toy Story,"Animation,Adventure,Family,Comedy"
8587,The Lion King,"Family,Animation,Drama"
9806,The Incredibles,"Action,Adventure,Animation,Family"
98,Gladiator,"Action,Drama,Adventure"
329865,Arrival,"Drama,Science Fiction,Mystery"
381288,Split,"Horror,Thriller"
1930,The Amazing Spider-Man,"Action,Adventure,Fantasy"
76338,Thor: The Dark World,"Action,Adventure,Fantasy"
101299,The Hunger Games: Catching Fire,"Adventure,Action,Science Fiction"
37165,The Truman Show,"Comedy,Drama"
383498,Deadpool 2,"Action,Comedy,Adventure"
424694,Bohemian Rhapsody,"Music,Drama,History"
24,Kill Bill: Vol. 1,"Action,Crime"
205596,The Imitation Game,"History,Drama,Thriller,War"
77338,The Intouchables,"Drama,Comedy"
198663,The Maze Runner,"Action,Mystery,Science Fiction,Thriller"
694,The Shining,"Horror,Thriller"
18785,The Hangover,Comedy
207703,Kingsman: The Secret Service,"Crime,Comedy,Action,Adventure"
313369,La La Land,"Comedy,Drama,Romance,Music"
109445,Frozen,"Animation,Family,Adventure,Fantasy"
1891,The Empire Strikes Back,"Adventure,Action,Science Fiction"
419430,Get Out,"Mystery,Thriller,Horror"
634649,Spider-Man: No Way Home,"Action,Adventure,Science Fiction"
374720,Dunkirk,"War,Action,Drama"
240832,Lucy,"Action,Science Fiction"
321612,Beauty and the Beast,"Family,Fantasy,Romance"
497,The Green Mile,"Fantasy,Drama,Crime"
2062,Ratatouille,"Animation,Comedy,Family,Fantasy"
269149,Zootopia,"Animation,Adventure,Family,Comedy"
808,Shrek,"Animation,Comedy,Fantasy,Adventure,Family"
496243,Parasite,"Comedy,Thriller,Drama"
75656,Now You See Me,"Thriller,Crime"
177572,Big Hero 6,"Adventure,Family,Animation,Action,Comedy"
329,Jurassic Park,"Adventure,Science Fiction"
131631,The Hunger Games: Mockingjay - Part 1,"Science Fiction,Adventure,Thriller"
58,Pirates of the Caribbean: Dead Man's Chest,"Adventure,Fantasy,Action"
37724,Skyfall,"Action,Adventure,Thriller"
127585,X-Men: Days of Future Past,"Action,Adventure,Fantasy,Science Fiction"
335983,Venom,"Science Fiction,Action"
274,The Silence of the Lambs,"Crime,Drama,Thriller"
49047,Gravity,"Science Fiction,Thriller,Drama"
6479,I Am Legend,"Drama,Science Fiction,Thriller"
339403,Baby Driver,"Action,Crime"
330459,Rogue One: A Star Wars Story,"Action,Adventure,Science Fiction"
299537,Captain Marvel,"Action,Adventure,Science Fiction"
49521,Man of Steel,"Action,Adventure,Science Fiction"
20352,Despicable Me,"Family,Animation,Comedy,Crime"
857,Saving Private Ryan,"Drama,History,War"
72190,World War Z,"Action,Drama,Horror,Science Fiction,Thriller"
1124,The Prestige,"Drama,Mystery,Science Fiction"
181808,Star Wars: The Last Jedi,"Adventure,Action,Science Fiction"
333339,Ready Player One,"Science Fiction,Adventure,Action"
129,Spirited Away,"Animation,Family,Fantasy"
1892,Return of the Jedi,"Adventure,Action,Science Fiction"
424,Schindler's List,"Drama,History,War"
429617,Spider-Man: Far From Home,"Action,Adventure,Science Fiction"
558,Spider-Man 2,"Action,Adventure,Fantasy"
118,Charlie and the Chocolate Factory,"Adventure,Comedy,Family,Fantasy"
640,Catch Me If You Can,"Drama,Crime"
10193,Toy Story 3,"Animation,Family,Comedy"
1422,The Departed,"Drama,Thriller,Crime"
120467,The Grand Budapest Hotel,"Comedy,Drama"
38,Eternal Sunshine of the Spotless Mind,"Science Fiction,Drama,Romance"
77,Memento,"Mystery,Thriller"
44214,Black Swan,"Drama,Thriller,Horror"
752,V for Vendetta,"Action,Thriller,Fantasy"
1893,Star Wars: Episode I - The Phantom Menace,"Adventure,Action,Science Fiction"
244786,Whiplash,"Drama,Music"
10528,Sherlock Holmes,"Action,Adventure,Crime,Mystery"
12155,Alice in Wonderland,"Family,Fantasy,Adventure"
101,Léon: The Professional,"Crime,Drama,Action"
285,Pirates of the Caribbean: At World's End,"Adventure,Fantasy,Action"
273248,The Hateful Eight,"Drama,Mystery,Western"
152601,Her,"Romance,Science Fiction,Drama"
1865,Pirates of the Caribbean: On Stranger Tides,"Adventure,Action,Fantasy"
122917,The Hobbit: The Battle of the Five Armies,"Action,Adventure,Fantasy"
500,Reservoir Dogs,"Crime,Thriller"
297802,Aquaman,"Action,Adventure,Fantasy"
393,Kill Bill: Vol. 2,"Action,Crime,Thriller"
353486,Jumanji: Welcome to the Jungle,"Adventure,Action,Comedy,Fantasy"
348,Alien,"Horror,Science Fiction"
1271,300,"Action,Adventure,War"
559,Spider-Man 3,"Fantasy,Action,Adventure"
447332,A Quiet Place,"Horror,Drama,Science Fiction"
920,Cars,"Animation,Adventure,Comedy,Family"
137113,Edge of Tomorrow,"Action,Science Fiction"
607,Men in Black,"Action,Adventure,Comedy,Science Fiction"
863,Toy Story 2,"Animation,Comedy,Family"
102651,Maleficent,"Fantasy,Adventure,Action,Family,Romance"
87827,Life of Pi,"Adventure,Drama"
62177,Brave,"Animation,Adventure,Comedy,Family,Action,Fantasy"
8966,Twilight,"Fantasy,Drama,Romance"
1895,Star Wars: Episode III - Revenge of the Sith,"Adventure,Action,Science Fiction"
78,Blade Runner,"Science Fiction,Drama,Thriller"
274870,Passengers,"Drama,Romance,Science Fiction"
324857,Spider-Man: Into the Spider-Verse,"Action,Adventure,Animation,Science Fiction"
141052,Justice League,"Action,Adventure,Science Fiction"
246655,X-Men: Apocalypse,"Action,Adventure,Science Fiction,Fantasy"
264660,Ex Machina,"Drama,Science Fiction"
194662,Birdman or (The Unexpected Virtue of Ignorance),"Drama,Comedy"
157350,Divergent,"Action,Adventure,Science Fiction"
363088,Ant-Man and the Wasp,"Action,Adventure,Science Fiction"
425,Ice Age,"Animation,Comedy,Family,Adventure"
190859,American Sniper,"War,Action"
102382,The Amazing Spider-Man 2,"Action,Adventure,Fantasy"
1894,Star Wars: Episode II - Attack of the Clones,"Adventure,Action,Science Fiction"
49538,X-Men: First Class,"Action,Science Fiction,Adventure"
637,Life Is Beautiful,"Comedy,Drama"
324786,Hacksaw Ridge,"Drama,History,War"
57158,The Hobbit: The Desolation of Smaug,"Fantasy,Adventure,Action"
260513,Incredibles 2,"Action,Adventure,Animation,Family"
10191,How to Train Your Dragon,"Fantasy,Adventure,Animation,Family"
162,Edward Scissorhands,"Fantasy,Drama,Romance"
335984,Blade Runner 2049,"Science Fiction,Drama"
4922,The Curious Case of Benjamin Button,"Drama,Fantasy,Romance"
185,A Clockwork Orange,"Science Fiction,Drama"
165,Back to the Future Part II,"Adventure,Comedy,Family,Science Fiction"
82690,Wreck-It Ralph,"Family,Animation,Comedy,Adventure"
399055,The Shape of Water,"Drama,Fantasy,Romance"
72105,Ted,"Comedy,Fantasy"
127380,Finding Dory,"Adventure,Animation,Comedy,Family"
68726,Pacific Rim,"Action,Science Fiction,Adventure"
131634,The Hunger Games: Mockingjay - Part 2,"Action,Adventure,Science Fiction"
466272,Once Upon a Time… in Hollywood,"Comedy,Drama,Thriller"
218,The Terminator,"Action,Thriller,Science Fiction"
82693,Silver Linings Playbook,"Drama,Comedy,Romance"
64682,The Great Gatsby,"Drama,Romance"
277834,Moana,"Adventure,Comedy,Family,Animation"
14161,2012,"Action,Adventure,Science Fiction"
19908,Zombieland,"Comedy,Horror"
64690,Drive,"Drama,Thriller,Crime"
280,Terminator 2: Judgment Day,"Action,Thriller,Science Fiction"
141,Donnie Darko,"Fantasy,Drama,Mystery"
398818,Call Me by Your Name,"Romance,Drama"
70981,Prometheus,"Science Fiction,Adventure,Mystery"
14,American Beauty,Drama
324552,John Wick: Chapter 2,"Thriller,Action,Crime"
332562,A Star Is Born,"Drama,Romance,Music"
166426,Pirates of the Caribbean: Dead Men Tell No Tales,"Adventure,Action,Fantasy"
216015,Fifty Shades of Grey,"Drama,Romance,Thriller"
296096,Me Before You,"Drama,Romance"
769,GoodFellas,"Drama,Crime"
23483,Kick-Ass,"Action,Crime"
85,Raiders of the Lost Ark,"Adventure,Action"
350,The Devil Wears Prada,"Comedy,Drama,Romance"
37799,The Social Network,Drama
809,Shrek 2,"Animation,Family,Comedy,Fantasy,Adventure"
2048,"I, Robot","Action,Science Fiction"
228150,Fury,"War,Drama,Action"
351286,Jurassic World: Fallen Kingdom,"Action,Adventure,Science Fiction,Thriller"
222935,The Fault in Our Stars,"Romance,Drama"
61791,Rise of the Planet of the Apes,"Thriller,Action,Drama,Science Fiction"
1724,The Incredible Hulk,"Science Fiction,Action,Adventure"
530915,1917,"War,Drama,Action,Thriller,History"
93456,Despicable Me 2,"Animation,Comedy,Family"
6977,No Country for Old Men,"Crime,Drama,Thriller"
194,Amélie,"Comedy,Romance"
161,Ocean's Eleven,"Thriller,Crime"
240,The Godfather: Part II,"Drama,Crime"
489,Good Will Hunting,Drama
76203,12 Years a Slave,"Drama,History"
812,Aladdin,"Animation,Family,Adventure,Fantasy,Romance"
36657,X-Men,"Adventure,Action,Science Fiction"
73,American History X,Drama
49530,In Time,"Action,Thriller,Science Fiction"
745,The Sixth Sense,"Mystery,Thriller,Drama"
11036,The Notebook,"Romance,Drama"
8681,Taken,"Action,Thriller"
119450,Dawn of the Planet of the Apes,"Science Fiction,Action,Drama,Thriller"
601,E.T. the Extra-Terrestrial,"Science Fiction,Adventure,Family,Fantasy"
103,Taxi Driver,"Crime,Drama"
8358,Cast Away,"Adventure,Drama"
138843,The Conjuring,"Horror,Thriller"
38757,Tangled,"Animation,Family"
291805,Now You See Me 2,"Thriller,Action,Comedy"
9502,Kung Fu Panda,"Action,Adventure,Animation,Family,Comedy"
62,2001: A Space Odyssey,"Science Fiction,Mystery,Adventure"
1858,Transformers,"Adventure,Science Fiction,Action"
115,The Big Lebowski,"Comedy,Crime"
111,Scarface,"Action,Crime,Drama"
338952,Fantastic Beasts: The Crimes of Grindelwald,"Fantasy,Adventure,Action"
266856,The Theory of Everything,"Drama,Romance"
146233,Prisoners,"Drama,Thriller,Crime"
211672,Minions,"Family,Animation,Adventure,Comedy"
82992,Fast & Furious 6,"Action,Thriller,Crime"
75612,Oblivion,"Action,Science Fiction,Adventure,Mystery"
207,Dead Poets Society,Drama
310,Bruce Almighty,"Fantasy,Comedy"
953,Madagascar,"Family,Animation,Adventure,Comedy"
562,Die Hard,"Action,Thriller"
490132,Green Book,"Drama,Comedy"
168259,Furious 7,"Action,Thriller,Crime,Adventure"
206647,Spectre,"Action,Adventure,Thriller"
62211,Monsters University,"Animation,Family"
604,The Matrix Reloaded,"Adventure,Action,Thriller,Science Fiction"
51876,Limitless,"Thriller,Mystery,Science Fiction"
12405,Slumdog Millionaire,"Drama,Romance"
13223,Gran Torino,Drama
242582,Nightcrawler,"Crime,Drama,Thriller"
58574,Sherlock Holmes: A Game of Shadows,"Adventure,Action,Crime,Mystery"
771,Home Alone,"Comedy,Family"
8844,Jumanji,"Adventure,Fantasy,Family"
2080,X-Men Origins: Wolverine,"Adventure,Action,Thriller,Science Fiction"
18,The Fifth Element,"Adventure,Fantasy,Action,Thriller,Science Fiction"
84892,The Perks of Being a Wallflower,Drama
36557,Casino Royale,"Adventure,Action,Thriller"
1417,Pan's Labyrinth,"Fantasy,Drama,War"
293167,Kong: Skull Island,"Action,Adventure,Fantasy"
546554,Knives Out,"Comedy,Crime,Mystery"
45243,The Hangover Part II,Comedy
337339,The Fate of the Furious,"Action,Crime,Thriller"
294254,Maze Runner: The Scorch Trials,"Science Fiction,Action,Thriller,Adventure"
41154,Men in Black 3,"Action,Comedy,Science Fiction"
262500,Insurgent,"Action,Adventure,Science Fiction,Thriller"
59967,Looper,"Action,Thriller,Science Fiction"
64688,21 Jump Street,"Action,Comedy,Crime"
372058,Your Name.,"Romance,Animation,Drama"
495764,Birds of Prey (and the Fantabulous Emancipation of One Harley Quinn),"Action,Crime"
196,Back to the Future Part III,"Adventure,Comedy,Science Fiction"
283366,Miss Peregrine's Home for Peculiar Children,"Fantasy,Adventure,Family,Drama"
1593,Night at the Museum,"Action,Adventure,Comedy,Family,Fantasy"
343668,Kingsman: The Golden Circle,"Action,Adventure,Comedy,Science Fiction,Crime"
13475,Star Trek,"Science Fiction,Action,Adventure"
787,Mr. & Mrs. Smith,"Action,Comedy,Drama,Thriller"
411,"The Chronicles of Narnia: The Lion, the Witch and the Wardrobe","Adventure,Family,Fantasy"
36658,X2,"Adventure,Action,Science Fiction"
629,The Usual Suspects,"Drama,Crime,Thriller"
510,One Flew Over the Cuckoo's Nest,Drama
420817,Aladdin,"Adventure,Fantasy,Romance,Family"
600,Full Metal Jacket,"Drama,War"
359940,"Three Billboards Outside Ebbing, Missouri","Crime,Drama"
453,A Beautiful Mind,"Drama,Romance"
652,Troy,"Adventure,History,War,Action"
420818,The Lion King,"Adventure,Family,Animation,Drama"
1949,Zodiac,"Crime,Drama,Mystery,Thriller"
854,The Mask,"Romance,Comedy,Crime,Fantasy"
10020,Beauty and the Beast,"Romance,Family,Animation,Fantasy"
19913,(500) Days of Summer,"Comedy,Drama,Romance"
392044,Murder on the Orient Express,"Mystery,Crime,Drama"
197,Braveheart,"Action,Drama,History,War"
608,Men in Black II,"Action,Adventure,Comedy,Science Fiction"
578,Jaws,"Horror,Thriller,Adventure"
405774,Bird Box,"Thriller,Drama,Science Fiction"
950,Ice Age: The Meltdown,"Animation,Family,Comedy,Adventure"
56292,Mission: Impossible - Ghost Protocol,"Action,Thriller,Adventure"
1402,The Pursuit of Happyness,Drama
5915,Into the Wild,"Adventure,Drama"
76170,The Wolverine,"Action,Science Fiction,Adventure,Fantasy"
36668,X-Men: The Last Stand,"Adventure,Action,Science Fiction,Thriller"
9799,The Fast and the Furious,"Action,Crime,Thriller"
330457,Frozen II,"Family,Animation,Adventure,Comedy,Fantasy"
539,Psycho,"Horror,Drama,Thriller"
627,Trainspotting,"Drama,Crime"
89,Indiana Jones and the Last Crusade,"Adventure,Action"
605,The Matrix Revolutions,"Adventure,Action,Thriller,Science Fiction"
82702,How to Train Your Dragon 2,"Fantasy,Action,Adventure,Animation,Comedy,Family"
8960,Hancock,"Fantasy,Action"
641,Requiem for a Dream,"Crime,Drama"
508442,Soul,"Animation,Family,Comedy,Fantasy,Drama"
316029,The Greatest Showman,Drama
454626,Sonic the Hedgehog,"Action,Science Fiction,Comedy,Family"
110415,Snowpiercer,"Action,Science Fiction,Drama"
1359,American Psycho,"Thriller,Drama,Crime"
301528,Toy Story 4,"Family,Adventure,Animation,Comedy,Fantasy,Drama"
9738,Fantastic Four,"Action,Adventure,Fantasy,Science Fiction"
10674,Mulan,"Animation,Family,Adventure"
602,Independence Day,"Action,Adventure,Science Fiction"
54138,Star Trek Into Darkness,"Action,Adventure,Science Fiction"
264644,Room,"Drama,Thriller"
399566,Godzilla vs. Kong,"Action,Fantasy,Science Fiction"
70,Million Dollar Baby,Drama
458156,John Wick: Chapter 3 - Parabellum,"Action,Thriller,Crime"
17654,District 9,Science Fiction
18239,The Twilight Saga: New Moon,"Adventure,Fantasy,Drama,Romance"
381284,Hidden Figures,"Drama,History"
591,The Da Vinci Code,"Thriller,Mystery"
181812,Star Wars: The Rise of Skywalker,"Adventure,Action,Science Fiction"
791373,Zack Snyder's Justice League,"Action,Adventure,Fantasy,Science Fiction"
9741,Unbreakable,"Thriller,Drama,Mystery"
497698,Black Widow,"Action,Adventure,Science Fiction"
2501,The Bourne Identity,"Action,Drama,Mystery,Thriller"
772,Home Alone 2: Lost in New York,"Comedy,Family,Adventure"
679,Aliens,"Action,Thriller,Science Fiction"
9487,A Bug's Life,"Adventure,Animation,Comedy,Family"
50620,The Twilight Saga: Breaking Dawn - Part 2,"Adventure,Fantasy,Drama,Romance"
287947,Shazam!,"Action,Comedy,Fantasy"
13183,Watchmen,"Action,Mystery,Science Fiction"
124905,Godzilla,"Action,Drama,Science Fiction"
580489,Venom: Let There Be Carnage,"Science Fiction,Action,Adventure"
466282,To All the Boys I've Loved Before,"Comedy,Romance"
50619,The Twilight Saga: Breaking Dawn - Part 1,"Adventure,Fantasy,Romance"
24021,The Twilight Saga: Eclipse,"Adventure,Fantasy,Drama,Romance"
515001,Jojo Rabbit,"Comedy,War,Drama"
399579,Alita: Battle Angel,"Action,Science Fiction,Adventure"
9479,The Nightmare Before Christmas,"Fantasy,Animation,Family"
68724,Elysium,"Science Fiction,Action,Drama,Thriller"
138832,We're the Millers,"Comedy,Crime"
318846,The Big Short,"Comedy,Drama"
45269,The King's Speech,"Drama,History"
176,Saw,"Horror,Mystery,Crime"
87,Indiana Jones and the Temple of Doom,"Adventure,Action"
564,The Mummy,"Adventure,Action,Fantasy"
810,Shrek the Third,"Fantasy,Adventure,Animation,Comedy,Family"
76492,Hotel Transylvania,"Animation,Comedy,Family,Fantasy"
109439,The Hangover Part III,Comedy
4935,Howl's Moving Castle,"Fantasy,Animation,Adventure"
107,Snatch,"Crime,Comedy"
281338,War for the Planet of the Apes,"Drama,Science Fiction,War"
620,Ghostbusters,"Comedy,Fantasy"
152532,Dallas Buyers Club,"Drama,History"
177677,Mission: Impossible - Rogue Nation,"Action,Adventure"
423,The Pianist,"Drama,War"
438631,Dune,"Science Fiction,Adventure"
577922,Tenet,"Action,Thriller,Science Fiction"
156022,The Equalizer,"Thriller,Action,Crime"
337404,Cruella,"Comedy,Crime"
87101,Terminator Genisys,"Science Fiction,Action,Thriller,Adventure"
158015,The Purge,"Science Fiction,Horror,Thriller"
10625,Mean Girls,Comedy
254128,San Andreas,"Action,Drama,Thriller"
3933,Corpse Bride,"Romance,Fantasy,Animation"
300668,Annihilation,"Science Fiction,Horror"
314365,Spotlight,"Drama,History"
328111,The Secret Life of Pets,"Adventure,Comedy,Animation,Family"
180,Minority Report,"Action,Thriller,Science Fiction,Mystery"
68734,Argo,"Drama,Thriller"
348350,Solo: A Star Wars Story,"Science Fiction,Adventure,Action"
8373,Transformers: Revenge of the Fallen,"Science Fiction,Action,Adventure"
126889,Alien: Covenant,"Horror,Science Fiction,Mystery"
278927,The Jungle Book,"Family,Adventure,Drama,Fantasy"
402900,Ocean's Eight,"Crime,Comedy,Action"
954,Mission: Impossible,"Adventure,Action,Thriller"
664413,365 Days,"Romance,Drama"
537915,After,"Romance,Drama"
391713,Lady Bird,"Drama,Comedy"
315837,Ghost in the Shell,"Science Fiction,Action"
58595,Snow White and the Huntsman,"Adventure,Fantasy,Drama"
38700,Bad Boys for Life,"Thriller,Action,Crime"
474350,It Chapter Two,"Horror,Fantasy"
512200,Jumanji: The Next Level,"Adventure,Comedy,Fantasy"
450465,Glass,"Thriller,Drama,Science Fiction"
273481,Sicario,"Action,Crime,Thriller"
38356,Transformers: Dark of the Moon,"Action,Science Fiction,Adventure"
339846,Baywatch,"Comedy,Action,Crime"
50646,"Crazy, Stupid, Love.","Comedy,Drama,Romance"
8355,Ice Age: Dawn of the Dinosaurs,"Animation,Comedy,Family,Adventure"
122906,About Time,"Drama,Romance,Fantasy"
568124,Encanto,"Animation,Comedy,Family,Fantasy"
747,Shaun of the Dead,"Horror,Comedy"
330,The Lost World: Jurassic Park,"Adventure,Action,Science Fiction"
74,War of the Worlds,"Adventure,Thriller,Science Fiction"
45612,Source Code,"Thriller,Science Fiction,Mystery"
63,Twelve Monkeys,"Science Fiction,Thriller,Mystery"
464052,Wonder Woman 1984,"Action,Adventure,Fantasy"
187017,22 Jump Street,"Crime,Comedy,Action"
337167,Fifty Shades Freed,"Drama,Romance"
259693,The Conjuring 2,"Horror,Thriller"
406997,Wonder,"Drama,Family"
198184,Chappie,"Crime,Action,Science Fiction"
50544,Friends with Benefits,"Romance,Comedy"
121856,Assassin's Creed,"Action,Adventure,Science Fiction"
566525,Shang-Chi and the Legend of the Ten Rings,"Action,Adventure,Fantasy"
2108,The Breakfast Club,"Comedy,Drama"
187,Sin City,"Thriller,Action,Crime"
1979,Fantastic Four: Rise of the Silver Surfer,"Adventure,Fantasy,Action,Thriller"
335797,Sing,"Animation,Comedy,Family,Music"
35,The Simpsons Movie,"Animation,Comedy,Family"
51497,Fast Five,"Action,Thriller,Crime"
39254,Real Steel,"Action,Science Fiction,Drama"
670,Oldboy,"Drama,Thriller,Mystery,Action"
91314,Transformers: Age of Extinction,"Science Fiction,Action,Adventure"
256591,Focus,"Romance,Comedy,Crime,Drama"
217,Indiana Jones and the Kingdom of the Crystal Skull,"Adventure,Action"
341174,Fifty Shades Darker,"Drama,Romance"
338970,Tomb Raider,"Action,Adventure,Fantasy"
429,"The Good, the Bad and the Ugly",Western
435,The Day After Tomorrow,"Action,Adventure,Science Fiction,Thriller"
95,Armageddon,"Action,Thriller,Science Fiction,Adventure"
333371,10 Cloverfield Lane,"Thriller,Science Fiction,Drama,Horror"
353081,Mission: Impossible - Fallout,"Action,Adventure"
254,King Kong,"Adventure,Drama,Action"
137106,The Lego Movie,"Adventure,Animation,Comedy,Family,Fantasy"
10764,Quantum of Solace,"Adventure,Action,Thriller,Crime"
22970,The Cabin in the Woods,"Horror,Comedy,Fantasy,Thriller"
28,Apocalypse Now,"Drama,War"
4348,Pride & Prejudice,"Drama,Romance"
27578,The Expendables,"Thriller,Adventure,Action"
116745,The Secret Life of Walter Mitty,"Adventure,Comedy,Drama,Fantasy"
340666,Nocturnal Animals,"Drama,Thriller"
4951,10 Things I Hate About You,"Comedy,Romance,Drama"
454983,The Kissing Booth,"Romance,Comedy"
2105,American Pie,"Comedy,Romance"
389,12 Angry Men,Drama
257344,Pixels,"Action,Comedy,Science Fiction"
290250,The Nice Guys,"Comedy,Crime,Action"
10144,The Little Mermaid,"Animation,Family,Fantasy"
2503,The Bourne Ultimatum,"Action,Drama,Mystery,Thriller"
50014,The Help,Drama
594,The Terminal,"Comedy,Drama"
114,Pretty Woman,"Romance,Comedy"
57800,Ice Age: Continental Drift,"Animation,Comedy,Adventure,Family"
487558,BlacKkKlansman,"Comedy,Crime,Drama,History"
508943,Luca,"Animation,Comedy,Family,Fantasy"
336843,Maze Runner: The Death Cure,"Science Fiction,Action,Adventure,Thriller"
275,Fargo,"Crime,Drama,Thriller"
44115,127 Hours,"Adventure,Drama,Thriller"
22538,Scott Pilgrim vs. the World,"Action,Comedy,Romance"
32657,Percy Jackson & the Olympians: The Lightning Thief,"Adventure,Fantasy,Family"
339964,Valerian and the City of a Thousand Planets,"Adventure,Science Fiction,Action"
137,Groundhog Day,"Romance,Fantasy,Drama,Comedy"
128,Princess Mononoke,"Adventure,Fantasy,Animation"
9552,The Exorcist,Horror
268,Batman,"Fantasy,Action"
436969,The Suicide Squad,"Action,Comedy,Adventure,Science Fiction"
2502,The Bourne Supremacy,"Action,Drama,Thriller"
49013,Cars 2,"Animation,Family,Adventure,Comedy"
1372,Blood Diamond,"Drama,Thriller,Action"
168672,American Hustle,"Drama,Crime"
404368,Ralph Breaks the Internet,"Family,Animation,Comedy,Adventure"
47971,xXx: Return of Xander Cage,"Action,Adventure,Crime"
62213,Dark Shadows,"Comedy,Fantasy"
59436,Midnight in Paris,"Fantasy,Comedy,Romance"
150689,Cinderella,"Romance,Fantasy,Family,Drama"
223702,Sausage Party,"Adventure,Animation,Comedy,Fantasy"
44912,Green Lantern,"Adventure,Action,Thriller,Science Fiction"
408,Snow White and the Seven Dwarfs,"Fantasy,Animation,Family"
106,Predator,"Science Fiction,Action,Adventure,Thriller"
295693,The Boss Baby,"Animation,Comedy,Family"
214756,Ted 2,Comedy
4638,Hot Fuzz,"Crime,Action,Comedy"
300669,Don't Breathe,"Thriller,Horror"
8392,My Neighbor Totoro,"Fantasy,Animation,Family"
395992,Life,"Horror,Science Fiction,Thriller"
11970,Hercules,"Animation,Family,Fantasy,Adventure,Comedy,Romance"
44826,Hugo,"Adventure,Drama,Family"
282035,The Mummy,"Fantasy,Thriller,Action,Adventure,Horror"
158852,Tomorrowland,"Adventure,Family,Mystery,Science Fiction"
1366,Rocky,"Drama,Romance"
1954,The Butterfly Effect,"Science Fiction,Thriller"
587,Big Fish,"Adventure,Fantasy,Drama"
328387,Nerve,"Mystery,Adventure,Crime"
195589,Neighbors,Comedy
7326,Juno,"Comedy,Drama,Romance"
83542,Cloud Atlas,"Drama,Science Fiction"
376867,Moonlight,Drama
621,Grease,"Romance,Comedy"
1824,50 First Dates,"Comedy,Romance"
163,Ocean's Twelve,"Thriller,Crime"
363676,Sully,"Drama,History"
20526,TRON: Legacy,"Adventure,Action,Science Fiction"
744,Top Gun,"Action,Drama"
49519,The Croods,"Animation,Adventure,Family,Fantasy,Comedy,Action"
324852,Despicable Me 3,"Action,Animation,Comedy,Family,Adventure"
10192,Shrek Forever After,"Comedy,Adventure,Fantasy,Animation,Family"
153,Lost in Translation,"Comedy,Drama,Romance"
8909,Wanted,"Action,Thriller,Crime"
312221,Creed,Drama
584,2 Fast 2 Furious,"Action,Crime,Thriller"
13804,Fast & Furious,"Action,Crime,Drama,Thriller"
37735,Easy A,Comedy
550988,Free Guy,"Comedy,Adventure,Science Fiction"
8871,How the Grinch Stole Christmas,"Family,Comedy,Fantasy"
96721,Rush,"Drama,Action"
296098,Bridge of Spies,"Thriller,Drama"
65,8 Mile,"Music,Drama"
7191,Cloverfield,"Action,Thriller,Science Fiction"
524434,Eternals,"Science Fiction,Action,Adventure"
68728,Oz the Great and Powerful,"Fantasy,Adventure,Family"
76757,Jupiter Ascending,"Science Fiction,Fantasy,Action"
427641,Rampage,"Action,Adventure,Science Fiction"
60304,Hansel & Gretel: Witch Hunters,"Fantasy,Horror,Action"
331,Jurassic Park III,"Adventure,Action,Thriller,Science Fiction"
458723,Us,"Horror,Thriller,Mystery"
9339,Click,"Comedy,Drama,Fantasy"
345940,The Meg,"Action,Science Fiction,Horror"
18360,Night at the Museum: Battle of the Smithsonian,"Adventure,Fantasy,Action,Comedy,Family"
98566,Teenage Mutant Ninja Turtles,"Science Fiction,Action,Adventure,Comedy"
14574,The Boy in the Striped Pyjamas,"War,Drama,History"
75780,Jack Reacher,"Crime,Drama,Thriller,Action"
14836,Coraline,"Animation,Family,Fantasy"
493922,Hereditary,"Horror,Mystery,Thriller"
9543,Prince of Persia: The Sands of Time,"Adventure,Fantasy,Action"
65754,The Girl with the Dragon Tattoo,"Thriller,Crime,Mystery"
598,City of God,"Drama,Crime"
11321,Seven Pounds,Drama
9693,Children of Men,"Drama,Action,Thriller,Science Fiction"
1487,Hellboy,"Fantasy,Action"
109424,Captain Phillips,"Action,Drama,Thriller"
13448,Angels & Demons,"Thriller,Mystery"
8363,Superbad,Comedy
359724,Ford v Ferrari,"Drama,Action,History"
114150,Pitch Perfect,"Comedy,Music,Romance"
68735,Warcraft,"Action,Adventure,Fantasy"
82700,After Earth,"Science Fiction,Action,Adventure"
384018,Fast & Furious Presents: Hobbs & Shaw,"Action,Adventure,Comedy"
1734,The Mummy Returns,"Adventure,Action,Fantasy"
262504,Allegiant,"Adventure,Science Fiction,Action,Mystery"
10527,Madagascar: Escape 2 Africa,"Family,Adventure,Animation,Comedy"
142,Brokeback Mountain,"Drama,Romance"
773,Little Miss Sunshine,"Comedy,Drama"
492188,Marriage Story,Drama
396535,Train to Busan,"Action,Horror,Thriller"
76163,The Expendables 2,"Action,Adventure,Thriller"
188927,Star Trek Beyond,"Action,Adventure,Science Fiction"
381283,mother!,"Drama,Horror,Mystery"
39514,RED,"Action,Adventure,Comedy,Crime,Thriller"
334543,Lion,Drama
117263,Olympus Has Fallen,"Action,Thriller"
37686,Super 8,"Thriller,Science Fiction,Mystery"
10201,Yes Man,"Comedy,Romance"
82675,Taken 2,"Action,Crime,Thriller"
646380,Don't Look Up,"Comedy,Drama,Science Fiction"
337401,Mulan,"Adventure,Fantasy,Drama"
11224,Cinderella,"Family,Fantasy,Animation,Romance"
38055,Megamind,"Animation,Action,Comedy,Family,Science Fiction"
81188,Rise of the Guardians,"Family,Animation,Fantasy,Action,Adventure"
447404,Pokémon Detective Pikachu,"Action,Adventure,Fantasy"
616,The Last Samurai,"Drama,Action,War,History"
28178,Hachi: A Dog's Tale,"Drama,Family"
49444,Kung Fu Panda 2,"Animation,Family"
37135,Tarzan,"Family,Adventure,Animation,Drama"
561,Constantine,"Fantasy,Action,Horror"
414906,The Batman,"Crime,Mystery,Thriller"
257211,The Intern,Comedy
310131,The Witch,"Horror,Mystery,Drama,Fantasy"
949,Heat,"Action,Crime,Drama,Thriller"
6957,The 40 Year Old Virgin,"Comedy,Romance"
588228,The Tomorrow War,"Action,Science Fiction,Adventure"
46195,Rio,"Animation,Adventure,Comedy,Family"
4247,Scary Movie,Comedy
238636,The Purge: Anarchy,"Horror,Thriller"
47964,A Good Day to Die Hard,"Action,Thriller"
2668,Sleepy Hollow,"Drama,Fantasy,Thriller,Mystery,Horror"
53182,300: Rise of an Empire,"Action,Drama,War"
241259,Alice Through the Looking Glass,"Adventure,Family,Fantasy"
258489,The Legend of Tarzan,"Fantasy,Action,Adventure"
49018,Insidious,"Horror,Thriller"
293863,The Age of Adaline,"Romance,Fantasy,Drama"
508,Love Actually,"Comedy,Romance,Drama"
3131,Gangs of New York,"Drama,History,Crime"
43074,Ghostbusters,"Action,Fantasy,Comedy"
18240,The Proposal,"Comedy,Romance,Drama"
11688,The Emperor's New Groove,"Adventure,Animation,Comedy,Family,Fantasy"
207932,Inferno,"Mystery,Thriller,Drama,Action"
619264,The Platform,"Drama,Science Fiction,Thriller"
385128,F9,"Action,Crime,Thriller"
11631,Mamma Mia!,"Comedy,Romance"
200727,"Love, Rosie","Comedy,Romance"
4011,Beetlejuice,"Fantasy,Comedy"
51540,Horrible Bosses,"Comedy,Crime"
296,Terminator 3: Rise of the Machines,"Action,Thriller,Science Fiction"
334533,Captain Fantastic,"Adventure,Drama"
534,Terminator Salvation,"Action,Science Fiction,Thriller"
419704,Ad Astra,"Science Fiction,Drama"
100,"Lock, Stock and Two Smoking Barrels","Comedy,Crime"
10555,Shark Tale,"Animation,Action,Comedy,Family"
398978,The Irishman,"Crime,Drama,History"
956,Mission: Impossible III,"Adventure,Action,Thriller"
9615,The Fast and the Furious: Tokyo Drift,"Action,Crime,Drama,Thriller"
109414,This Is the End,"Action,Comedy"
80278,The Impossible,"Thriller,Drama"
527774,Raya and the Last Dragon,"Animation,Family,Fantasy,Action,Adventure"
341013,Atomic Blonde,"Action,Thriller"
82654,Warm Bodies,"Horror,Comedy,Romance"
86834,Noah,"Drama,Adventure"
170,28 Days Later,"Horror,Thriller,Science Fiction"
1091,The Thing,"Horror,Mystery,Science Fiction"
449176,"Love, Simon","Comedy,Drama,Romance"
18823,Clash of the Titans,"Adventure,Fantasy,Action"
44896,Rango,"Animation,Comedy,Family,Western,Adventure"
2454,The Chronicles of Narnia: Prince Caspian,"Adventure,Family,Fantasy"
676,Pearl Harbor,"Action,War,History,Romance,Drama"
955,Mission: Impossible II,"Adventure,Action,Thriller"
206487,Predestination,"Science Fiction,Thriller"
203801,The Man from U.N.C.L.E.,"Comedy,Action,Adventure"
59859,Kick-Ass 2,"Action,Adventure,Crime"
320288,Dark Phoenix,"Science Fiction,Action,Adventure"
9325,The Jungle Book,"Family,Animation,Adventure"
270303,It Follows,"Horror,Mystery"
298,Ocean's Thirteen,"Crime,Thriller"
364,Batman Returns,"Action,Fantasy"
12230,One Hundred and One Dalmatians,"Adventure,Animation,Comedy,Family"
322,Mystic River,"Thriller,Crime,Drama,Mystery"
2059,National Treasure,"Adventure,Action,Thriller,Mystery"
184,Jackie Brown,"Crime,Thriller,Drama"
927,Gremlins,"Fantasy,Horror,Comedy"
49017,Dracula Untold,"Horror,Action,Drama,Fantasy,War"
238713,Spy,"Action,Comedy,Crime"
1933,The Others,"Horror,Mystery,Thriller"
439079,The Nun,"Horror,Mystery,Thriller"
47933,Independence Day: Resurgence,"Action,Adventure,Science Fiction"
277,Underworld,"Fantasy,Action,Thriller"
406990,What Happened to Monday,"Science Fiction,Thriller,Drama,Mystery,Action"
1576,Resident Evil,"Horror,Action,Science Fiction"
1995,Lara Croft: Tomb Raider,"Adventure,Fantasy,Action,Thriller"
440021,Happy Death Day,"Horror,Mystery,Comedy"
57214,Project X,Comedy
250546,Annabelle,Horror
9737,Bad Boys,"Action,Comedy,Crime,Thriller"
306819,The Danish Girl,Drama
567,Rear Window,"Thriller,Mystery"
644,A.I. Artificial Intelligence,"Drama,Science Fiction,Adventure"
166428,How to Train Your Dragon: The Hidden World,"Animation,Family,Adventure"
7345,There Will Be Blood,Drama
390043,The Hitman's Bodyguard,"Thriller,Comedy,Crime,Action"
401981,Red Sparrow,"Mystery,Thriller"
4232,Scream,"Crime,Horror,Mystery"
2649,The Game,"Drama,Thriller,Mystery"
22881,The Blind Side,Drama
782,Gattaca,"Thriller,Science Fiction,Mystery,Romance"
380,Rain Man,Drama
39538,Contagion,"Drama,Thriller,Science Fiction"
80321,Madagascar 3: Europe's Most Wanted,"Animation,Family,Comedy,Adventure"
57201,The Lone Ranger,"Action,Adventure,Western"
88,Dirty Dancing,"Drama,Music,Romance"
242224,The Babadook,"Drama,Horror"
31011,Mr. Nobody,"Science Fiction,Drama,Romance,Fantasy"
20504,The Book of Eli,"Action,Thriller,Science Fiction"
299687,The 5th Wave,"Science Fiction,Adventure,Action"
788,Mrs. Doubtfire,"Comedy,Drama,Family"
5255,The Polar Express,"Animation,Family,Adventure,Fantasy,Comedy"
2300,Space Jam,"Family,Animation,Comedy,Science Fiction"
333484,The Magnificent Seven,"Adventure,Action,Western"
87502,Flight,Drama
302946,The Accountant,"Crime,Thriller,Drama"
565,The Ring,"Horror,Mystery"
420809,Maleficent: Mistress of Evil,"Family,Fantasy,Adventure"
8467,Dumb and Dumber,Comedy
508439,Onward,"Family,Animation,Adventure,Comedy,Fantasy"
13053,Bolt,"Animation,Family,Adventure,Comedy"
1572,Die Hard: With a Vengeance,"Action,Thriller"
181533,Night at the Museum: Secret of the Tomb,"Adventure,Comedy,Fantasy,Family"
11544,Lilo & Stitch,"Animation,Family"
335988,Transformers: The Last Knight,"Action,Adventure,Science Fiction"
424783,Bumblebee,"Action,Adventure,Science Fiction"
346685,The Girl on the Train,"Crime,Drama,Mystery,Thriller"
1597,Meet the Parents,"Comedy,Romance"
13885,Sweeney Todd: The Demon Barber of Fleet Street,"Drama,Horror"
1368,First Blood,"Action,Adventure,Thriller,War"
38575,The Karate Kid,"Action,Adventure,Drama,Family"
12092,Alice in Wonderland,"Animation,Family,Fantasy,Adventure"
80274,Ender's Game,"Science Fiction,Action,Adventure"
7446,Tropic Thunder,"Action,Comedy,Adventure,War"
38365,Grown Ups,Comedy
509,Notting Hill,"Romance,Comedy,Drama"
242,The Godfather: Part III,"Crime,Drama,Thriller"
1637,Speed,"Action,Adventure,Crime"
1018,Mulholland Drive,"Thriller,Drama,Mystery"
324668,Jason Bourne,"Action,Thriller"
22794,Cloudy with a Chance of Meatballs,"Animation,Comedy,Family"
49040,The Bourne Legacy,"Action,Thriller"
530385,Midsommar,"Horror,Drama,Mystery"
302699,Central Intelligence,"Action,Comedy,Crime,Mystery"
260346,Taken 3,"Thriller,Action"
228967,The Interview,"Action,Comedy"
274857,King Arthur: Legend of the Sword,"Action,Drama,Fantasy"
1250,Ghost Rider,"Thriller,Action,Fantasy"
83666,Moonrise Kingdom,"Comedy,Drama,Romance"
400106,Bright,"Fantasy,Action,Thriller"
445571,Game Night,"Mystery,Comedy,Crime"
334541,Manchester by the Sea,Drama
8488,Hitch,"Comedy,Drama,Romance"
331482,Little Women,"Drama,Romance"
10895,Pinocchio,"Animation,Family"
373571,Godzilla: King of the Monsters,"Science Fiction,Action"
159824,Hotel Transylvania 2,"Family,Animation,Comedy,Fantasy"
1571,Live Free or Die Hard,"Action,Thriller"
72559,G.I. Joe: Retaliation,"Science Fiction,Adventure,Action,Thriller"
345920,Collateral Beauty,"Drama,Romance"
7131,Van Helsing,"Horror,Adventure,Action"
76493,The Dictator,Comedy
755,From Dusk Till Dawn,"Horror,Action,Thriller,Crime"
10530,Pocahontas,"Adventure,Animation,Family,Romance"
389015,"I, Tonya",Drama
8247,Jumper,"Action,Adventure,Science Fiction"
1927,Hulk,"Science Fiction,Action"
36647,Blade,"Horror,Action"
345,Eyes Wide Shut,"Drama,Thriller,Mystery"
181886,Enemy,"Thriller,Mystery"
254470,Pitch Perfect 2,"Comedy,Music"
39513,Paul,"Adventure,Comedy,Science Fiction"
527641,Five Feet Apart,"Romance,Drama"
615457,Nobody,"Action,Crime,Thriller"
49529,John Carter,"Action,Adventure,Science Fiction"
396422,Annabelle: Creation,"Horror,Mystery,Thriller"
3049,Ace Ventura: Pet Detective,"Comedy,Adventure"
1813,The Devil's Advocate,"Drama,Mystery,Thriller,Horror"
453395,Doctor Strange in the Multiverse of Madness,"Fantasy,Action,Adventure"
157353,Transcendence,"Thriller,Science Fiction,Drama,Mystery"
388,Inside Man,"Crime,Drama,Thriller"
3170,Bambi,"Animation,Drama,Family"
17431,Moon,"Science Fiction,Drama"
2034,Training Day,"Action,Crime,Drama"
140300,Kung Fu Panda 3,"Action,Adventure,Animation,Comedy,Family"
307081,Southpaw,"Action,Drama"
10140,The Chronicles of Narnia: The Voyage of the Dawn Treader,"Adventure,Family,Fantasy"
460465,Mortal Kombat,"Action,Fantasy,Adventure"
50546,Just Go with It,"Comedy,Romance"
9340,The Goonies,"Adventure,Comedy,Family"
628,Interview with the Vampire,"Horror,Drama,Fantasy"
37710,The Tourist,"Action,Thriller,Romance"
1573,Die Hard 2,"Action,Thriller"
44833,Battleship,"Thriller,Action,Adventure,Science Fiction"
856,Who Framed Roger Rabbit,"Fantasy,Animation,Comedy,Crime"
762,Monty Python and the Holy Grail,"Adventure,Comedy,Fantasy"
97020,RoboCop,"Science Fiction,Action"
64635,Total Recall,"Action,Science Fiction,Thriller"
286565,Paper Towns,"Mystery,Drama,Romance"
861,Total Recall,"Action,Adventure,Science Fiction"
1584,School of Rock,"Comedy,Music,Family"
105864,The Good Dinosaur,"Adventure,Animation,Family"
12162,The Hurt Locker,"Drama,Thriller,War"
41733,Due Date,"Comedy,Drama"
426,Vertigo,"Mystery,Romance,Thriller"
117,The Untouchables,"Crime,Drama,History,Thriller"
82695,Les Misérables,"History,Drama"
9444,Anastasia,"Animation,Family"
4523,Enchanted,"Comedy,Family,Fantasy,Romance"
1624,Liar Liar,Comedy
855,Black Hawk Down,"Action,History,War"
570670,The Invisible Man,"Thriller,Science Fiction,Horror"
235,Stand by Me,"Crime,Drama"
27576,Salt,"Action,Mystery,Thriller"
225574,Non-Stop,"Action,Thriller,Mystery"
9654,The Italian Job,"Action,Crime"
613504,After We Collided,"Romance,Drama"
251,Ghost,"Fantasy,Drama,Thriller,Mystery,Romance"
17578,The Adventures of Tintin,"Adventure,Animation,Mystery"
260514,Cars 3,"Animation,Adventure,Comedy,Family"
2675,Signs,"Drama,Thriller,Science Fiction,Mystery"
10386,The Iron Giant,"Family,Animation,Adventure,Science Fiction,Comedy"
1635,The Island,"Action,Thriller,Science Fiction,Adventure"
10009,Brother Bear,"Adventure,Animation,Family"
524,Casino,"Crime,Drama"
630,The Wizard of Oz,"Adventure,Fantasy,Family"
338967,Zombieland: Double Tap,"Horror,Comedy"
75,Mars Attacks!,"Comedy,Fantasy,Science Fiction"
10693,Peter Pan,"Animation,Family,Adventure,Fantasy"
545609,Extraction,"Drama,Action,Thriller"
935,Dr. Strangelove or: How I Learned to Stop Worrying and Love the Bomb,"Drama,Comedy,War"
568,Apollo 13,"History,Drama,Adventure"
423108,The Conjuring: The Devil Made Me Do It,"Horror,Mystery,Thriller"
316727,The Purge: Election Year,"Action,Horror,Thriller"
583083,The Kissing Booth 2,"Comedy,Romance"
107985,The World's End,"Comedy,Action,Science Fiction"
520763,A Quiet Place Part II,"Science Fiction,Thriller,Horror"
76285,Percy Jackson: Sea of Monsters,"Adventure,Family,Fantasy"
369972,First Man,"History,Drama"
8077,Alien³,"Science Fiction,Action,Horror"
8961,Bad Boys II,"Adventure,Action,Comedy,Thriller,Crime"
10198,The Princess and the Frog,"Romance,Family,Animation"
497582,Enola Holmes,"Mystery,Crime,Adventure"
879,Hook,"Adventure,Fantasy,Comedy,Family"
4553,The Machinist,"Thriller,Drama"
85350,Boyhood,Drama
10340,Lady and the Tramp,"Family,Animation,Romance"
9532,Final Destination,Horror
82507,Sinister,"Horror,Thriller,Mystery"
15,Citizen Kane,"Mystery,Drama"
44264,True Grit,"Drama,Adventure,Western"
332567,The Shallows,"Horror,Drama,Thriller"
1579,Apocalypto,"Action,Drama,Thriller,History"
451048,Jungle Cruise,"Action,Adventure,Fantasy"
375262,The Favourite,"Drama,Comedy,Thriller"
400928,Gifted,"Drama,Comedy"
1538,Collateral,"Drama,Crime,Thriller"
76726,Chronicle,"Science Fiction,Drama,Thriller"
13811,Knowing,"Action,Mystery,Science Fiction,Thriller"
4982,American Gangster,"Drama,Crime"
2567,The Aviator,Drama
496,Borat: Cultural Learnings of America for Make Benefit Glorious Nation of Kazakhstan,Comedy
16996,17 Again,Comedy
10882,Sleeping Beauty,"Fantasy,Animation,Romance,Family"
4108,The Transporter,"Action,Crime,Thriller"
399404,Darkest Hour,"Drama,History"
81005,Jack the Giant Slayer,"Fantasy,Action,Adventure,Family"
11253,Hellboy II: The Golden Army,"Action,Adventure,Mystery,Fantasy"
11774,Lemony Snicket's A Series of Unfortunate Events,"Adventure,Comedy,Family"
107846,Escape Plan,"Action,Thriller"
49849,Cowboys & Aliens,"Action,Science Fiction,Thriller,Western"
370172,No Time to Die,"Adventure,Action,Thriller"
353491,The Dark Tower,"Fantasy,Action,Science Fiction,Adventure"
414,Batman Forever,"Action,Crime,Fantasy"
453405,Gemini Man,"Science Fiction,Action,Thriller"
6637,National Treasure: Book of Secrets,"Action,Adventure,Mystery,Thriller"
338762,Bloodshot,"Action,Science Fiction"
201085,Crimson Peak,"Horror,Thriller,Romance,Mystery"
311324,The Great Wall,"Action,Adventure,Fantasy"
10096,13 Going on 30,"Comedy,Fantasy,Romance"
9836,Happy Feet,"Animation,Comedy,Family"
289,Casablanca,"Drama,Romance"
754,Face/Off,"Action,Crime,Science Fiction,Thriller"
27022,The Sorcerer's Apprentice,"Fantasy,Adventure,Action"
948,Halloween,"Horror,Thriller"
454,Romeo + Juliet,"Drama,Romance"
9480,Daredevil,"Fantasy,Action"
522627,The Gentlemen,"Crime,Action,Comedy"
290595,The Huntsman: Winter's War,"Action,Adventure,Drama"
215,Saw II,Horror
43347,Love & Other Drugs,"Drama,Comedy,Romance"
480530,Creed II,Drama
634,Bridget Jones's Diary,"Comedy,Romance,Drama"
10112,The Aristocats,"Animation,Comedy,Family,Adventure"
311,Once Upon a Time in America,"Drama,Crime"
395834,Wind River,"Crime,Drama,Mystery,Thriller"
447200,Skyscraper,"Action,Thriller"
10545,The Hunchback of Notre Dame,"Drama,Animation,Family"
23827,Paranormal Activity,"Horror,Mystery"
12477,Grave of the Fireflies,"Animation,Drama,War"
253412,Everest,"Drama,Adventure,History"
49049,Dredd,"Action,Science Fiction"
544,There's Something About Mary,"Romance,Comedy"
9880,The Princess Diaries,"Comedy,Family,Romance"
324849,The Lego Batman Movie,"Animation,Action,Comedy,Family"
11360,Dumbo,"Animation,Family"
21208,Orphan,"Horror,Thriller,Mystery"
9509,Man on Fire,"Action,Drama,Thriller"
138103,The Expendables 3,"Action,Adventure,Thriller"
2770,American Pie 2,"Comedy,Romance"
1991,Death Proof,"Action,Thriller"
504172,The Mule,"Crime,Drama,Thriller"
10315,Fantastic Mr. Fox,"Adventure,Animation,Comedy,Family"
97367,The Place Beyond the Pines,"Drama,Crime"
1581,The Holiday,"Comedy,Romance"
1491,The Illusionist,"Fantasy,Drama,Thriller,Romance"
23168,The Town,"Crime,Drama,Thriller"
4547,Panic Room,"Crime,Drama,Thriller"
88751,Journey to the Center of the Earth,"Action,Science Fiction,Adventure,Comedy,Family"
290859,Terminator: Dark Fate,"Science Fiction,Action,Adventure"
5559,Bee Movie,"Family,Animation,Adventure,Comedy"
52449,Bad Teacher,Comedy
22803,Law Abiding Citizen,"Drama,Crime,Thriller"
6114,Bram Stoker's Dracula,"Romance,Horror"
60308,Moneyball,Drama
117251,White House Down,"Action,Drama,Thriller"
343611,Jack Reacher: Never Go Back,"Action,Thriller"
7443,Chicken Run,"Animation,Comedy,Family"
8321,In Bruges,"Comedy,Drama,Crime"
41630,No Strings Attached,"Comedy,Romance"
268896,Pacific Rim: Uprising,"Action,Fantasy,Science Fiction,Adventure"
345887,The Equalizer 2,"Action,Thriller,Crime"
377,A Nightmare on Elm Street,Horror
693,Meet the Fockers,"Comedy,Romance"
123553,The Mortal Instruments: City of Bones,"Fantasy,Action,Mystery"
10947,High School Musical,"Comedy,Drama,Family,Music,Romance,TV Movie"
227156,The Giver,"Drama,Science Fiction"
46529,I Am Number Four,"Action,Thriller,Science Fiction,Adventure"
5876,The Mist,"Horror,Science Fiction,Thriller"
272693,The DUFF,"Romance,Comedy"
23629,Sucker Punch,"Action,Fantasy,Thriller"
5548,RoboCop,"Action,Thriller,Science Fiction"
267860,London Has Fallen,"Action,Thriller"
479455,Men in Black: International,"Comedy,Science Fiction"
14306,Marley & Me,"Comedy,Family"
433,Mary Poppins,"Comedy,Family,Fantasy"
637920,Miracle in Cell No. 7,"Drama,Comedy"
381341,Perfect Strangers,"Comedy,Drama"
152584,Blue Is the Warmest Color,"Romance,Drama"
411088,The Invisible Guest,"Drama,Mystery,Thriller"
19404,Dilwale Dulhania Le Jayenge,"Comedy,Drama,Romance"
63311,The Skin I Live In,"Thriller,Drama,Horror"
8329,[REC],"Horror,Mystery"
335,Once Upon a Time in the West,"Drama,Western"
426426,Roma,Drama
11216,Cinema Paradiso,"Drama,Romance"
391,A Fistful of Dollars,Western
12429,Ponyo,"Animation,Fantasy,Family"
10515,Castle in the Sky,"Adventure,Fantasy,Animation,Action,Family,Romance"
149,Akira,"Animation,Science Fiction,Action"
938,For a Few Dollars More,Western
103663,The Hunt,Drama
14756,Ip Man,"Drama,Action,History"
16859,Kiki's Delivery Service,"Animation,Family,Fantasy,Adventure"
262391,Serial (Bad) Weddings,Comedy
406,La Haine,Drama
613,Downfall,"Drama,History,War"
378064,A Silent Voice: The Movie,"Animation,Drama,Romance"
582,The Lives of Others,"Drama,Thriller"
7735,The Wave,"Drama,Thriller"
11423,Memories of Murder,"Crime,Drama,Thriller"
2899,Asterix & Obelix: Mission Cleopatra,"Family,Fantasy,Comedy,Adventure"
290098,The Handmaiden,"Thriller,Drama,Romance"
382591,Two Is a Family,"Drama,Comedy"
3176,Battle Royale,"Drama,Thriller,Action"
94329,The Raid,"Action,Thriller,Crime"
1255,The Host,"Horror,Drama,Science Fiction"
581392,Peninsula,"Action,Horror,Thriller"
49797,I Saw the Devil,"Thriller,Horror"
20453,3 Idiots,"Drama,Comedy"
614696,#Alive,"Action,Horror,Thriller"
293670,The Wailing,"Horror,Mystery"
4550,Sympathy for Lady Vengeance,"Drama,Thriller"
491584,Burning,"Mystery,Drama,Thriller"
4689,Sympathy for Mr. Vengeance,"Action,Drama,Thriller"
30018,Mother,"Crime,Drama,Mystery,Thriller"
26022,My Name Is Khan,"Drama,Romance"
51608,The Man from Nowhere,"Action,Thriller,Crime"
200085,The Flu,"Action,Drama,Science Fiction"
13855,The Chaser,"Crime,Drama,Thriller"
1280,3-Iron,"Drama,Romance,Crime"
4552,A Tale of Two Sisters,"Drama,Horror,Mystery"
7508,Like Stars on Earth,Drama
113,"Spring, Summer, Fall, Winter... and Spring",Drama
581389,Space Sweepers,"Drama,Fantasy,Science Fiction"
297222,PK,"Comedy,Drama,Adventure"
360814,Dangal,"Drama,Action"
437068,A Taxi Driver,"Action,Drama,History"
488623,Forgotten,"Thriller,Mystery,Drama,Horror,Crime"
11344,A Bittersweet Life,"Action,Drama,Crime"
22536,Thirst,"Drama,Horror,Thriller"
15067,"The Good, the Bad, the Weird","Action,Adventure,Comedy,Western"
397567,Along with the Gods: The Two Worlds,"Drama,Fantasy,Action"
581528,"The Gangster, the Cop, the Devil","Crime,Action,Adventure"
191714,The Lunchbox,"Drama,Romance"
18438,Castaway on the Moon,"Drama,Comedy,Romance"
11658,Tae Guk Gi: The Brotherhood of War,"Action,Adventure,Drama,History,War"
575604,The Call,"Thriller,Mystery,Science Fiction"
437109,The Villainess,"Action,Crime,Drama,Thriller"
2440,Joint Security Area,"War,Drama,Thriller,Action"
390497,Tunnel,"Thriller,Drama,Action"
11178,My Sassy Girl,"Drama,Comedy,Romance"
19666,Lagaan: Once Upon a Time in India,"Adventure,Romance,Drama"
10757,Kabhi Khushi Kabhie Gham,"Comedy,Drama"
581387,Ashfall,"Action,Adventure,Thriller"
255709,Hope,Drama
508642,Gonjiam: Haunted Asylum,"Horror,Mystery"
81481,Silenced,Drama
845222,Kingdom: Ashin of the North,"Drama,Fantasy,Thriller"
5488,"I'm a Cyborg, but That's OK","Drama,Comedy,Romance"
57361,The Yellow Sea,"Drama,Thriller,Crime"
348892,Bajrangi Bhaijaan,"Action,Comedy,Drama"
518068,Along with the Gods: The Last 49 Days,"Drama,Fantasy,Action"
389868,Seoul Station,"Drama,Animation,Horror"
269494,A Hard Day,"Action,Crime,Thriller"
158445,Miracle in Cell No. 7,"Drama,Comedy"
534780,Andhadhun,"Crime,Thriller,Comedy"
7913,Rang De Basanti,"Comedy,Drama,History"
429450,Pandora,"Thriller,Drama,Action"
165213,New World,"Thriller,Crime,Drama"
11854,Kuch Kuch Hota Hai,"Romance,Drama"
14070,Ghajini,"Action,Romance,Thriller"
4254,Kal Ho Naa Ho,"Comedy,Drama"
94047,My Way,"Drama,Action,History,War"
59421,Bedevilled,"Thriller,Crime,Drama,Horror"
33196,Tidal Wave,"Action,Drama,Thriller"
123377,Pietà,Drama
33908,Three… Extremes,Horror
352173,Drishyam,"Crime,Drama,Thriller,Mystery"
117691,Gangs of Wasseypur - Part 1,"Action,Thriller,Crime"
530254,The Witch: Part 1. The Subversion,"Action,Mystery,Fantasy"
15917,Devdas,"Drama,Romance"
41517,Ra.One,"Adventure,Action,Science Fiction"
363579,The Age of Shadows,"Action,Drama,Thriller"
61202,Zindagi Na Milegi Dobara,"Drama,Comedy,Romance"
18377,200 Pounds Beauty,"Drama,Comedy,Romance"
435366,Fabricated City,"Action,Thriller,Crime"
204553,Cold Eyes,"Crime,Action,Thriller"
8079,Om Shanti Om,"Comedy,Thriller,Drama"
205022,Chennai Express,"Romance,Comedy,Action"
127501,Barfi!,"Drama,Romance,Comedy"
15774,Swades,Drama
14163,Chak De! India,Drama
8653,The Isle,"Drama,Thriller"
370665,Dilwale,"Crime,Action,Comedy"
452015,Psychokinesis,"Fantasy,Action"
45202,The Housemaid,"Thriller,Drama"
82825,Kahaani,"Mystery,Thriller"
571785,Time to Hunt,"Drama,Action,Thriller"
19703,A Wednesday!,"Drama,Thriller"
15859,A Moment to Remember,"Drama,Romance"
124157,The Thieves,"Action,Crime"
47909,Poetry,Drama
140212,Confession of Murder,"Action,Thriller"
86000,Always,"Romance,Drama,Adventure"
44977,Dhoom 3,"Action,Crime,Thriller"
154030,The Tower,"Action,Drama"
14752,Dil Chahta Hai,"Drama,Romance"
247645,Queen,"Comedy,Drama"
362045,Bajirao Mastani,"War,History,Romance"
467824,Illang: The Wolf Brigade,"Science Fiction,Action,Thriller,Drama"
282631,The Admiral: Roaring Currents,"War,Action,Drama,History"
19625,Munna Bhai M.B.B.S.,"Comedy,Drama"
14072,Rab Ne Bana Di Jodi,"Comedy,Drama,Romance"
128246,A Werewolf Boy,"Romance,Fantasy"
432836,Memoir of a Murderer,"Thriller,Action,Crime"
338729,The Beauty Inside,"Fantasy,Romance"
118628,English Vinglish,"Comedy,Drama,Family"
432527,Padmaavat,"Drama,History,Romance"
12259,Sholay,Action
4251,Veer-Zaara,"Drama,Romance"
377985,Fan,"Action,Drama,Thriller"
79224,War of the Arrows,"Drama,Action,History,Thriller"
436391,The Battleship Island,"Action,History,Drama"